City_ID,City,Country,Lat,Lng,Max Temp,Humidity,Cloudiness,Wind Speed,Current Description
0,Nikolskoye,RU,59.7035,30.7861,49.89,91,100,9.22,overcast clouds
1,Georgetown,MY,5.4112,100.3354,81.9,90,20,3.0,few clouds
2,Hermanus,ZA,-34.4187,19.2345,62.8,85,29,12.75,scattered clouds
3,Hasaki,JP,35.7333,140.8333,68.4,60,100,13.65,overcast clouds
4,Busselton,AU,-33.65,115.3333,51.08,89,76,5.23,broken clouds
5,Zemio,CF,5.0314,25.1361,69.04,93,92,0.29,light rain
6,Fairbanks,US,64.8378,-147.7164,35.31,89,75,0.0,snow
7,Atbasar,KZ,51.8,68.3333,45.0,38,64,7.25,broken clouds
8,Ribeira Grande,PT,38.5167,-28.7,72.0,88,75,0.0,broken clouds
9,Baculin,PH,7.4525,126.5842,76.71,86,100,0.49,overcast clouds
10,Severo-Kurilsk,RU,50.6789,156.125,48.33,86,100,5.99,overcast clouds
11,Sigli,ID,5.3848,95.9609,78.8,81,100,3.65,moderate rain
12,Fortuna,US,40.5982,-124.1573,76.19,76,20,4.0,few clouds
13,Barrow,US,71.2906,-156.7887,27.09,93,100,6.49,overcast clouds
14,Atuona,PF,-9.8,-139.0333,78.31,77,73,19.98,broken clouds
15,Upernavik,GL,72.7868,-56.1549,21.11,69,2,5.64,clear sky
16,Oranjestad,AW,12.524,-70.027,91.35,72,20,11.01,few clouds
17,Uige,AO,-7.6087,15.0613,70.79,79,79,2.46,broken clouds
18,Arraial Do Cabo,BR,-22.9661,-42.0278,73.26,68,0,19.57,clear sky
19,Puerto Ayora,EC,-0.7393,-90.3518,75.16,84,79,9.26,broken clouds
20,Mataura,NZ,-46.1927,168.8643,41.49,93,64,5.41,broken clouds
21,Pisco,PE,-13.7,-76.2167,69.85,64,88,17.27,smoke
22,Ferme-Neuve,CA,46.7001,-75.4493,67.78,63,100,7.83,overcast clouds
23,Natal,BR,-5.795,-35.2094,81.25,78,40,17.27,scattered clouds
24,New Norfolk,AU,-42.7826,147.0587,40.75,78,33,2.77,scattered clouds
25,Gaoua,BF,10.2992,-3.2508,74.89,87,86,4.32,overcast clouds
26,Jamestown,US,42.097,-79.2353,67.32,63,90,11.5,light rain
27,Hobart,AU,-42.8794,147.3294,41.11,87,20,1.99,few clouds
28,Port Alfred,ZA,-33.5906,26.891,61.65,79,89,11.7,overcast clouds
29,Khatanga,RU,71.9667,102.5,29.28,91,95,10.27,overcast clouds
30,Avarua,CK,-21.2078,-159.775,78.85,69,75,16.11,light rain
31,Abapo,BO,-18.8333,-63.4667,91.92,21,0,12.37,clear sky
32,Yellowknife,CA,62.456,-114.3525,47.41,90,90,5.01,overcast clouds
33,Hithadhoo,MV,-0.6,73.0833,82.09,77,100,14.9,overcast clouds
34,Bosaso,SO,11.2842,49.1816,89.42,52,66,5.75,broken clouds
35,Lahaina,US,20.8783,-156.6825,83.44,80,51,7.52,broken clouds
36,Lubango,AO,-14.9172,13.4925,64.44,52,40,2.91,scattered clouds
37,Cam Ranh,VN,11.9214,109.1591,76.96,88,40,3.44,scattered clouds
38,Saskylakh,RU,71.9167,114.0833,32.58,91,100,16.69,overcast clouds
39,Sinnamary,GF,5.3833,-52.95,83.1,73,18,9.33,few clouds
40,Ponta Do Sol,PT,32.6667,-17.1,70.43,73,75,4.23,broken clouds
41,Dikson,RU,73.5069,80.5464,35.49,84,100,19.39,overcast clouds
42,Ilinskiy,RU,55.619,38.1182,49.51,100,90,4.47,light rain
43,Boueni,YT,-12.9025,45.0761,75.18,70,39,4.29,scattered clouds
44,Albany,US,42.6001,-73.9662,74.19,60,91,3.0,overcast clouds
45,Kavaratti,IN,10.5669,72.642,81.09,80,70,18.7,broken clouds
46,Rikitea,PF,-23.1203,-134.9692,73.94,76,72,15.37,broken clouds
47,Ushuaia,AR,-54.8,-68.3,44.26,57,20,19.57,light rain
48,Hilo,US,19.7297,-155.09,84.25,73,1,8.05,clear sky
49,Thai Binh,VN,20.45,106.3333,78.8,93,42,6.06,light rain
50,Samarai,PG,-10.6167,150.6667,79.38,86,78,13.62,moderate rain
51,Tura,IN,25.5198,90.2201,75.38,87,42,4.21,scattered clouds
52,Gravdal,NO,68.1214,13.5031,46.85,77,55,10.09,broken clouds
53,Cotusca,RO,48.1333,26.85,63.37,70,7,4.03,clear sky
54,Bilibino,RU,68.0546,166.4372,27.55,97,100,5.82,light snow
55,Punta Arenas,CL,-53.15,-70.9167,46.51,39,40,25.32,scattered clouds
56,Tamiahua,MX,21.2667,-97.45,84.31,60,36,9.73,scattered clouds
57,Winnemucca,US,40.973,-117.7357,84.11,11,2,12.77,clear sky
58,Victoria,HK,22.2855,114.1577,84.38,78,27,5.99,scattered clouds
59,Coihaique,CL,-45.5752,-72.0662,50.61,70,75,10.36,light intensity shower rain
60,Talara,PE,-4.5772,-81.2719,72.36,68,0,16.11,clear sky
61,Castro,BR,-24.7911,-50.0119,66.16,76,66,3.58,broken clouds
62,Half Moon Bay,US,37.4636,-122.4286,87.91,75,90,6.91,mist
63,Carutapera,BR,-1.195,-46.02,80.44,77,100,10.42,overcast clouds
64,Butaritari,KI,3.0707,172.7902,82.89,75,58,10.02,broken clouds
65,Constitucion,CL,-35.3333,-72.4167,57.58,69,29,6.69,scattered clouds
66,Vardo,NO,70.3705,31.1107,46.69,85,53,8.95,broken clouds
67,Bengkulu,ID,-3.8004,102.2655,75.29,93,100,0.72,moderate rain
68,Kapaa,US,22.0752,-159.319,80.19,73,59,4.0,moderate rain
69,Rudnichnyy,RU,59.617,52.4703,45.36,87,100,6.91,overcast clouds
70,Ahipara,NZ,-35.1667,173.1667,59.14,87,67,8.37,broken clouds
71,Sawtell,AU,-30.3833,153.1,63.19,81,97,12.66,overcast clouds
72,Aleksandrovka,UA,46.8383,32.7612,55.27,56,5,7.87,clear sky
73,Hirado,JP,33.3597,129.5531,72.36,83,51,15.88,broken clouds
74,Namibe,AO,-15.1961,12.1522,65.1,85,86,5.46,overcast clouds
75,Airai,TL,-8.9266,125.4092,57.78,89,57,1.99,broken clouds
76,Saint-Philippe,RE,-21.3585,55.7679,71.15,85,40,12.68,light rain
77,Faya,SA,18.3851,42.4509,69.91,26,10,5.68,clear sky
78,Sao Filipe,CV,14.8961,-24.4956,78.76,76,39,4.56,scattered clouds
79,Bluff,NZ,-46.6,168.3333,41.81,67,35,15.93,scattered clouds
80,Bethel,US,41.3712,-73.414,75.65,66,17,3.62,few clouds
81,Moron,AR,-34.6534,-58.6198,70.02,67,0,5.01,clear sky
82,Lerwick,GB,60.1545,-1.1494,53.6,94,93,13.33,overcast clouds
83,Cape Town,ZA,-33.9258,18.4232,62.28,83,75,1.01,broken clouds
84,The Valley,AI,18.217,-63.0578,89.46,70,20,9.22,few clouds
85,Sangar,RU,63.9242,127.4739,33.12,91,79,4.9,broken clouds
86,Port Lincoln,AU,-34.7333,135.8667,51.13,75,15,12.91,few clouds
87,Bredasdorp,ZA,-34.5322,20.0403,62.28,72,13,4.61,few clouds
88,Ust-Tsilma,RU,65.441,52.1498,44.67,85,100,12.33,overcast clouds
89,Cabo San Lucas,MX,22.8909,-109.9124,96.51,69,12,6.8,few clouds
90,Labuhan,ID,-6.8844,112.2051,77.58,87,97,7.43,overcast clouds
91,Cockburn Town,TC,21.4612,-71.1419,84.16,65,40,5.75,scattered clouds
92,Morgantown,US,39.6295,-79.9559,70.18,72,100,8.52,overcast clouds
93,Cidreira,BR,-30.1811,-50.2056,63.5,84,3,9.19,clear sky
94,Pevek,RU,69.7008,170.3133,30.79,96,100,19.3,light snow
95,Grand Gaube,MU,-20.0064,57.6608,72.37,71,7,5.99,clear sky
96,Thompson,CA,55.7435,-97.8558,51.96,66,90,5.75,overcast clouds
97,Ust-Kuyga,RU,70.0167,135.6,31.21,97,100,6.17,light snow
98,Leningradskiy,RU,69.3833,178.4167,27.12,72,100,5.82,overcast clouds
99,Kokopo,PG,-4.352,152.2633,79.16,80,75,6.93,broken clouds
100,Guerrero Negro,MX,27.9769,-114.0611,77.49,60,92,15.08,overcast clouds
101,Boa Vista,BR,2.8197,-60.6733,93.18,43,20,6.91,few clouds
102,Qaanaaq,GL,77.484,-69.3632,22.37,71,100,7.09,overcast clouds
103,Barabai,ID,-2.5833,115.3833,75.49,93,94,1.48,overcast clouds
104,Guadalupe Victoria,MX,32.2869,-115.105,91.94,28,41,4.74,scattered clouds
105,Pangkalanbuun,ID,-2.6833,111.6167,73.96,98,99,0.81,moderate rain
106,Mareeba,AU,-17.0,145.4333,66.92,95,19,2.3,few clouds
107,Aleksandrovskoye,RU,44.7142,43.0008,48.34,85,32,10.02,scattered clouds
108,Souillac,MU,-20.5167,57.5167,72.36,83,75,14.97,broken clouds
109,Tuktoyaktuk,CA,69.4541,-133.0374,33.8,93,90,18.41,light rain
110,Naze,JP,28.3667,129.4833,77.2,85,37,10.0,scattered clouds
111,Narsaq,GL,60.9167,-46.05,34.11,69,0,1.3,clear sky
112,Anadyr,RU,64.75,177.4833,28.9,79,75,4.0,broken clouds
113,Kimparana,ML,12.8347,-4.9244,83.77,52,13,7.49,few clouds
114,Haines Junction,CA,60.7522,-137.5108,44.55,45,100,4.61,overcast clouds
115,Batagay-Alyta,RU,67.8006,130.4114,24.12,91,84,3.18,broken clouds
116,Longyearbyen,SJ,78.2186,15.6401,40.84,81,40,11.5,light rain
117,Manokwari,ID,-0.8667,134.0833,78.42,76,100,2.44,overcast clouds
118,Sanghar,PK,26.0466,68.9481,87.87,64,18,12.53,few clouds
119,Moreira Sales,BR,-24.0622,-53.0069,85.41,34,42,8.9,scattered clouds
120,Bandarbeyla,SO,9.4942,50.8122,76.98,87,60,22.48,broken clouds
121,Clyde River,CA,70.4692,-68.5914,32.23,86,20,5.75,few clouds
122,Nouadhibou,MR,20.931,-17.0347,71.58,83,0,17.27,clear sky
123,Qaqortoq,GL,60.7167,-46.0333,36.48,76,0,7.54,clear sky
124,Ilulissat,GL,69.2167,-51.1,9.23,74,0,5.08,clear sky
125,Carnarvon,AU,-24.8667,113.6333,66.27,72,40,10.36,scattered clouds
126,Harker Heights,US,31.0835,-97.6597,90.81,29,10,6.04,clear sky
127,Necochea,AR,-38.5473,-58.7368,66.04,76,0,11.25,clear sky
128,Ahuimanu,US,21.4447,-157.8378,83.75,72,21,15.86,few clouds
129,Lasa,IT,46.6166,10.7002,61.54,96,85,3.13,overcast clouds
130,Diego De Almagro,CL,-26.3667,-70.05,77.11,20,0,8.57,clear sky
131,Srednekolymsk,RU,67.45,153.6833,32.07,95,99,14.03,light snow
132,Paamiut,GL,61.994,-49.6678,34.21,73,0,17.87,clear sky
133,Damietta,EG,31.4165,31.8133,76.89,61,0,9.13,clear sky
134,Port Blair,IN,11.6667,92.75,80.01,87,100,11.63,overcast clouds
135,Provideniya,RU,64.3833,-173.3,31.91,88,100,3.69,overcast clouds
136,Vaini,TO,-21.2,-175.2,71.76,68,75,6.91,broken clouds
137,Sabha,LY,27.0377,14.4283,78.78,31,0,12.17,clear sky
138,Comodoro Rivadavia,AR,-45.8667,-67.5,71.46,21,0,26.46,clear sky
139,Kurilsk,RU,45.2333,147.8833,51.42,78,55,9.64,broken clouds
140,Lompoc,US,34.6391,-120.4579,86.02,78,1,12.66,clear sky
141,Mitchell,US,43.7094,-98.0298,82.11,31,5,7.0,clear sky
142,Balykshi,KZ,47.0667,51.8667,50.0,66,40,6.71,scattered clouds
143,Concepcion,CL,-36.827,-73.0498,55.2,82,90,5.75,overcast clouds
144,Maldonado,UY,-34.6667,-54.9167,65.59,84,74,8.97,broken clouds
145,Vestmanna,FO,62.1564,-7.1664,52.72,100,90,12.66,mist
146,Sept-Iles,CA,50.2001,-66.3821,61.32,87,75,1.99,broken clouds
147,Cuenca,EC,-2.8833,-78.9833,64.53,59,75,11.5,light rain
148,Svetlaya,RU,46.5389,138.3297,54.01,60,100,3.47,overcast clouds
149,Alofi,NU,-19.0595,-169.9187,75.09,57,40,6.91,scattered clouds
150,Abha,SA,18.2164,42.5053,69.62,12,0,4.61,clear sky
151,Verkhoyansk,RU,67.5447,133.385,32.52,89,98,0.96,overcast clouds
152,Havelock,US,34.8791,-76.9013,80.06,55,4,3.0,clear sky
153,Kamaishi,JP,39.2667,141.8833,61.25,83,100,4.99,overcast clouds
154,Sioux Lookout,CA,50.1001,-91.917,59.38,62,90,9.22,overcast clouds
155,Tasiilaq,GL,65.6145,-37.6368,31.82,70,100,8.55,overcast clouds
156,Stromness,GB,58.965,-3.296,61.05,88,78,10.0,broken clouds
157,Kodiak,US,57.79,-152.4072,41.86,54,49,4.88,scattered clouds
158,Lagoa,PT,39.05,-27.9833,70.97,84,100,7.96,overcast clouds
159,Yakima,US,46.4665,-120.6678,82.85,32,0,4.63,clear sky
160,Tangping,CN,22.0265,111.9323,75.97,92,1,4.05,clear sky
161,Las Matas De Farfan,DO,18.8731,-71.5166,81.57,71,93,2.68,overcast clouds
162,Elko,US,41.0002,-115.5012,82.74,11,0,14.0,clear sky
163,Cherskiy,RU,68.75,161.3,31.62,98,100,10.83,light snow
164,Luderitz,NA,-26.6481,15.1594,61.83,56,44,14.9,scattered clouds
165,Grahamstown,ZA,-33.3042,26.5328,54.46,73,83,5.19,broken clouds
166,Wasilla,US,61.5814,-149.4394,40.03,92,90,4.61,mist
167,Rassvet,RU,46.8333,40.75,53.62,95,52,6.71,broken clouds
168,Goderich,CA,43.7501,-81.7165,59.92,72,96,12.66,overcast clouds
169,Mar Del Plata,AR,-38.0023,-57.5575,62.1,59,75,4.0,broken clouds
170,Macau,MO,22.2006,113.5461,84.13,79,20,10.36,light rain
171,Loviisa,FI,60.4566,26.2251,48.45,91,91,10.2,overcast clouds
172,Saldanha,ZA,-33.0117,17.9442,59.05,92,91,3.83,overcast clouds
173,Luwuk,ID,-0.9516,122.7875,76.3,90,98,4.74,overcast clouds
174,Salalah,OM,17.0151,54.0924,79.59,87,21,1.77,few clouds
175,Pointe-Noire,CG,-4.7761,11.8635,78.87,83,75,8.05,broken clouds
176,Magaria,NE,12.9983,8.9099,83.28,41,5,8.86,clear sky
177,Porto Novo,BJ,6.4965,2.6036,75.02,88,100,4.94,light rain
178,Bathsheba,BB,13.2167,-59.5167,81.21,78,40,9.22,scattered clouds
179,Klaksvik,FO,62.2266,-6.589,54.52,94,100,25.55,overcast clouds
180,Aykhal,RU,66.0,111.5,30.22,86,94,7.18,overcast clouds
181,Berlevag,NO,70.8578,29.0864,46.58,85,97,10.25,overcast clouds
182,Bucerias,MX,20.75,-105.3333,87.98,78,40,6.76,scattered clouds
183,Tual,ID,-5.6667,132.75,81.0,79,91,16.15,overcast clouds
184,Acajutla,SV,13.5928,-89.8275,83.5,75,46,4.59,scattered clouds
185,Rio Grande,BR,-32.035,-52.0986,68.11,90,41,6.08,scattered clouds
186,Los Llanos De Aridane,ES,28.6585,-17.9182,69.55,86,75,5.75,broken clouds
187,Juegang,CN,32.3174,121.1855,73.98,79,96,8.88,overcast clouds
188,Praia Da Vitoria,PT,38.7333,-27.0667,71.85,94,90,10.76,overcast clouds
189,Dingle,PH,10.9995,122.6711,75.92,91,87,4.16,overcast clouds
190,Inirida,CO,3.8653,-67.9239,83.05,75,90,2.13,overcast clouds
191,San Cristobal,VE,7.7669,-72.225,89.78,72,25,6.91,scattered clouds
192,Desnogorsk,RU,54.1508,33.2815,51.48,95,97,11.18,overcast clouds
193,Yumen,CN,40.2833,97.2,52.97,37,0,3.22,clear sky
194,Killam,CA,52.7834,-111.8518,69.75,35,100,11.5,overcast clouds
195,Nuuk,GL,64.1835,-51.7216,32.88,40,0,8.01,clear sky
196,Yeppoon,AU,-23.1333,150.7333,56.98,76,83,1.7,broken clouds
197,Nogliki,RU,51.8333,143.1667,48.97,82,100,14.74,overcast clouds
198,Murgab,TM,37.4966,61.9714,73.27,28,0,6.91,clear sky
199,Sondrio,IT,46.169,9.8692,68.65,92,78,1.83,broken clouds
200,Mahebourg,MU,-20.4081,57.7,72.25,83,75,14.97,broken clouds
201,Boyolangu,ID,-8.1181,111.8935,74.73,92,72,5.08,broken clouds
202,Ereymentau,KZ,51.6199,73.1033,41.47,47,11,3.31,few clouds
203,Ayan,RU,56.45,138.1667,51.55,64,100,13.33,overcast clouds
204,Zweibrucken,DE,49.25,7.3667,65.55,65,75,3.44,broken clouds
205,Lebu,CL,-37.6167,-73.65,53.1,73,27,10.63,scattered clouds
206,Kenai,US,60.5544,-151.2583,42.15,76,92,9.57,overcast clouds
207,Freiberg,DE,50.9167,13.3667,60.33,84,22,4.23,few clouds
208,Shenjiamen,CN,29.9576,122.298,73.44,72,14,8.12,few clouds
209,Aksehir,TR,38.3575,31.4164,57.7,55,0,2.8,clear sky
210,Padang,ID,-0.9492,100.3543,78.24,88,98,3.65,overcast clouds
211,Port Elizabeth,ZA,-33.918,25.5701,62.89,59,20,20.71,few clouds
212,Kendari,ID,-3.945,122.4989,72.61,93,94,2.62,overcast clouds
213,Chichimila,MX,20.6167,-88.2167,89.04,54,62,4.47,broken clouds
214,Mercedes,AR,-34.6515,-59.4307,71.19,63,0,9.84,clear sky
215,Chisindia,RO,46.2833,22.1,57.99,76,0,4.43,clear sky
216,Broken Hill,AU,-31.95,141.4333,42.51,56,0,5.75,clear sky
217,Riyadh,SA,24.6877,46.7219,86.14,24,5,7.92,clear sky
218,Bodden Town,KY,19.2833,-81.25,89.01,70,40,5.99,scattered clouds
219,Kirovskiy,RU,45.0917,133.5136,55.62,94,100,3.2,overcast clouds
220,Iqaluit,CA,63.7506,-68.5145,33.53,80,90,17.0,overcast clouds
221,Faanui,PF,-16.4833,-151.75,78.28,76,12,10.11,light rain
222,Sikasso,ML,10.9167,-7.0,78.91,74,98,4.18,overcast clouds
223,Kaniama,CD,-7.5667,24.1833,79.99,34,97,2.46,overcast clouds
224,Chuy,UY,-33.6971,-53.4616,60.08,91,63,7.25,broken clouds
225,Geraldton,AU,-28.7667,114.6,61.21,77,90,11.5,overcast clouds
226,La Mira,MX,18.035,-102.3266,85.1,72,99,6.06,overcast clouds
227,Bambous Virieux,MU,-20.3428,57.7575,72.21,83,75,14.97,broken clouds
228,Sitka,US,57.0531,-135.33,51.58,67,100,3.24,overcast clouds
229,Hamilton,US,39.1834,-84.5333,71.94,47,2,3.0,clear sky
230,Newport,GB,51.5877,-2.9984,65.17,91,97,6.2,overcast clouds
231,Inhambane,MZ,-23.865,35.3833,69.26,79,0,7.61,clear sky
232,Chaozhou,CN,23.6651,116.6379,76.86,91,0,0.96,light rain
233,Anamur,TR,36.0751,32.8369,74.12,42,0,5.37,clear sky
234,Revelstoke,CA,50.9832,-118.2023,66.22,63,1,6.91,clear sky
235,Gao,ML,16.6362,1.637,96.51,15,28,2.57,scattered clouds
236,Sao Joao Da Barra,BR,-21.6403,-41.0511,75.29,74,100,23.35,overcast clouds
237,Charters Towers,AU,-20.1,146.2667,63.64,86,0,6.06,clear sky
238,Yarkovo,RU,57.4028,67.0786,33.24,84,4,6.82,clear sky
239,Vallenar,CL,-28.5708,-70.7581,79.21,26,0,6.53,clear sky
240,Kargat,RU,55.1956,80.2811,31.91,90,97,9.1,overcast clouds
241,Pyu,MM,18.4833,96.4333,74.48,99,97,2.3,moderate rain
242,Shitanjing,CN,39.2342,106.3439,60.69,36,100,9.69,overcast clouds
243,Myronivka,UA,49.6601,30.9823,57.87,79,90,14.09,overcast clouds
244,Fort-Shevchenko,KZ,44.5086,50.263,60.69,65,23,10.11,few clouds
245,Bogorodskoye,RU,56.55,37.8833,46.85,98,100,6.02,overcast clouds
246,Mufulira,ZM,-12.5498,28.2407,68.9,33,54,4.83,broken clouds
247,Lakhnadon,IN,22.6,79.6,73.36,88,97,1.66,overcast clouds
248,Resen,MK,41.0889,21.0122,60.49,36,0,1.83,clear sky
249,Mirandopolis,BR,-21.1336,-51.1017,92.64,19,13,6.33,few clouds
250,Chokurdakh,RU,70.6333,147.9167,32.22,98,100,11.34,light snow
251,Kununurra,AU,-15.7667,128.7333,64.38,82,23,1.14,few clouds
252,Sao Jose Da Coroa Grande,BR,-8.8978,-35.1478,75.99,85,13,9.37,few clouds
253,Kushmurun,KZ,52.4503,64.6311,54.64,32,100,8.86,overcast clouds
254,Gizo,SB,-8.103,156.8419,81.57,78,70,5.53,light rain
255,Gavle,SE,60.6745,17.1417,44.01,82,2,3.0,clear sky
256,Nabire,ID,-3.3667,135.4833,76.39,88,94,1.86,overcast clouds
257,Mitsamiouli,KM,-11.3847,43.2844,76.23,79,12,4.05,few clouds
258,Gigmoto,PH,13.7796,124.39,80.94,83,37,4.45,scattered clouds
259,Bridlington,GB,54.0831,-0.1919,63.28,96,100,12.28,overcast clouds
260,Tuatapere,NZ,-46.1333,167.6833,41.83,81,72,7.52,broken clouds
261,Solvychegodsk,RU,61.3305,46.9156,44.76,96,100,5.75,light rain
262,Thinadhoo,MV,0.5333,72.9333,82.35,77,100,17.05,overcast clouds
263,Lavrentiya,RU,65.5833,-171.0,32.18,84,100,7.96,overcast clouds
264,Srivardhan,IN,18.0333,73.0167,76.66,90,93,4.18,overcast clouds
265,High Level,CA,58.5169,-117.136,62.71,25,40,9.22,scattered clouds
266,Misratah,LY,32.3754,15.0925,76.46,61,0,13.24,clear sky
267,Ostrovnoy,RU,68.0531,39.5131,42.46,89,81,8.5,broken clouds
268,Ponta Delgada,PT,37.7333,-25.6667,72.5,88,75,9.22,broken clouds
269,Marawi,PH,7.9986,124.2928,64.65,88,100,2.93,overcast clouds
270,Colquechaca,BO,-18.6667,-66.0167,49.03,25,56,7.02,broken clouds
271,Troyes,FR,48.3333,4.0833,66.22,94,0,3.44,clear sky
272,Predivinsk,RU,57.0669,93.4378,36.48,87,100,3.29,overcast clouds
273,Billings,US,45.7833,-108.5007,91.36,19,11,3.0,few clouds
274,Auburn,US,47.3073,-122.2284,82.58,50,2,1.99,clear sky
275,Itoman,JP,26.1247,127.6694,80.62,89,40,1.14,scattered clouds
276,Mecca,SA,21.4267,39.8261,89.02,45,34,3.76,scattered clouds
277,Coleraine,GB,55.1333,-6.6667,63.32,95,94,9.33,overcast clouds
278,Manggar,ID,-2.8833,108.2667,79.92,81,95,2.66,overcast clouds
279,Neijiang,CN,29.5835,105.0622,73.94,93,39,1.48,scattered clouds
280,Santa Cruz,BO,-17.8,-63.1667,92.66,31,0,11.5,clear sky
281,Japura,ID,-0.3167,102.35,73.9,98,98,2.06,overcast clouds
282,Thanh Hoa,VN,19.8,105.7667,72.88,98,98,5.01,light rain
283,East London,ZA,-33.0153,27.9116,67.33,65,48,16.96,scattered clouds
284,Iranshahr,IR,27.2025,60.6848,91.74,33,0,0.0,clear sky
285,Veraval,IN,20.9,70.3667,79.27,81,91,7.4,overcast clouds
286,Henties Bay,NA,-22.116,14.2845,54.86,93,1,4.12,clear sky
287,Kumluca,TR,36.3703,30.2869,74.8,45,0,4.05,clear sky
288,Codrington,AU,-38.2667,141.9667,43.61,75,85,4.0,overcast clouds
289,Samfya,ZM,-11.3649,29.5565,73.62,35,88,7.07,overcast clouds
290,Ferrol,ES,43.4832,-8.2369,65.68,79,70,9.48,broken clouds
291,Tongliao,CN,43.6125,122.2653,60.35,96,79,5.01,broken clouds
292,Tanda,IN,26.55,82.65,78.76,84,99,6.13,overcast clouds
293,Kaitangata,NZ,-46.2817,169.8464,44.87,62,6,10.18,clear sky
294,Severnoye,RU,56.3491,78.3619,31.48,96,96,9.19,overcast clouds
295,Tias,ES,28.9611,-13.645,71.35,73,20,12.66,few clouds
296,Saint John,CA,45.2727,-66.0677,72.63,93,75,11.5,broken clouds
297,Lorengau,PG,-2.0226,147.2712,81.75,77,80,6.6,broken clouds
298,Harnoli,PK,32.2792,71.5539,89.28,41,0,2.62,clear sky
299,Saint George,US,37.1041,-113.5841,94.53,15,5,5.01,clear sky
300,Sorland,NO,67.667,12.6934,48.9,73,100,13.65,overcast clouds
301,Vila Franca Do Campo,PT,37.7167,-25.4333,72.19,92,100,10.63,overcast clouds
302,Lixourion,GR,38.2019,20.4314,70.23,68,0,6.26,clear sky
303,Rio Gallegos,AR,-51.6226,-69.2181,50.05,27,75,17.27,broken clouds
304,Nishihara,JP,26.1842,127.7558,79.88,89,40,1.14,scattered clouds
305,Nizhniy Baskunchak,RU,48.2198,46.8311,54.59,85,98,12.08,overcast clouds
306,Esil,KZ,51.9556,66.4042,50.23,36,100,12.44,overcast clouds
307,Nyaunglebin,MM,17.95,96.7333,74.41,99,100,4.0,overcast clouds
308,Miraflores,MX,19.2167,-98.8083,75.02,72,86,1.97,overcast clouds
309,Whitehorse,CA,60.7161,-135.0538,44.1,57,40,8.01,light rain
310,Joshimath,IN,30.5667,79.5667,63.54,81,4,3.33,clear sky
311,Dunedin,NZ,-45.8742,170.5036,44.8,66,37,13.89,scattered clouds
312,Torbay,CA,47.6666,-52.7314,54.28,78,90,13.8,overcast clouds
313,Salamanca,ES,40.8333,-6.0,56.98,91,26,6.26,scattered clouds
314,Saiha,IN,22.4833,92.9667,67.53,97,3,3.09,clear sky
315,Matata,NZ,-37.8833,176.75,60.13,80,100,2.06,overcast clouds
316,Andros Town,BS,24.7,-77.7667,84.16,83,100,12.1,overcast clouds
317,Sayan,PE,-11.1361,-77.1933,76.87,49,88,8.43,overcast clouds
318,Kapuskasing,CA,49.4169,-82.4331,53.69,76,90,5.75,overcast clouds
319,Michigan City,US,41.7075,-86.895,71.02,42,1,5.75,clear sky
320,Griffin,US,33.2468,-84.2641,79.14,48,1,4.61,clear sky
321,Makakilo City,US,21.3469,-158.0858,82.56,68,9,16.31,clear sky
322,Rawson,AR,-43.3002,-65.1023,73.49,23,100,24.23,overcast clouds
323,Bazarnyye Mataki,RU,54.8833,49.9333,45.25,90,100,4.5,overcast clouds
324,Wagar,SD,16.1525,36.2032,89.24,47,100,17.98,overcast clouds
325,Roald,NO,62.5833,6.1333,57.16,71,75,11.5,broken clouds
326,Jacksonville,US,30.3322,-81.6556,87.03,58,75,1.01,haze
327,Lashio,MM,22.9333,97.75,68.07,93,99,1.86,overcast clouds
328,Katsuura,JP,35.1333,140.3,70.2,70,100,13.47,overcast clouds
329,Sinegorye,RU,62.0788,150.477,34.38,99,97,4.65,light rain
330,North Ogden,US,41.3072,-111.9602,86.0,20,0,5.01,clear sky
331,Sorsk,RU,54.0033,90.2467,31.03,84,100,5.17,overcast clouds
332,Guarapari,BR,-20.6667,-40.4975,77.92,70,6,17.6,clear sky
333,Kiunga,PG,-6.1219,141.2906,73.31,99,99,1.14,overcast clouds
334,Parlakimidi,IN,18.7667,84.0833,77.31,96,100,2.46,overcast clouds
335,Namatanai,PG,-3.6667,152.4333,80.62,79,48,7.63,scattered clouds
336,Tigre,AR,-34.426,-58.5796,70.29,69,0,12.66,clear sky
337,Lovozero,RU,68.005,35.0117,43.83,90,81,4.85,broken clouds
338,Northam,GB,51.0333,-4.2167,62.56,90,95,7.25,overcast clouds
339,Fukue,JP,32.6881,128.8419,75.13,80,40,11.99,scattered clouds
340,Wodonga,AU,-36.1167,146.8833,42.8,69,0,1.99,clear sky
341,Dennis,US,41.7354,-70.1939,70.84,93,90,4.0,mist
342,Aljezur,PT,37.3191,-8.8033,64.4,90,1,4.36,clear sky
343,Chiang Kham,TH,19.5233,100.3,74.05,98,100,1.95,overcast clouds
344,Mahibadhoo,MV,3.7833,72.9667,82.0,79,93,18.86,overcast clouds
345,Nileshwar,IN,12.25,75.1,77.76,88,78,4.76,broken clouds
346,Buraydah,SA,26.326,43.975,90.05,20,0,9.57,clear sky
347,Eenhana,NA,-17.4667,16.3333,78.55,13,0,7.72,clear sky
348,Tubuala,PA,9.5167,-79.0333,81.34,76,94,6.46,overcast clouds
349,Isangel,VU,-19.55,169.2667,72.48,64,50,9.51,scattered clouds
350,Omagari,JP,39.45,140.4833,56.52,91,100,3.98,overcast clouds
351,Pangody,RU,65.85,74.4859,31.6,80,8,5.39,clear sky
352,Concarneau,FR,47.875,-3.9225,64.06,91,100,3.09,overcast clouds
353,Kahului,US,20.8947,-156.47,84.97,78,34,15.01,scattered clouds
354,Zhigansk,RU,66.7697,123.3711,30.85,91,77,10.67,broken clouds
355,Bijar,IR,35.8668,47.6051,54.43,52,0,7.05,clear sky
356,Simbahan,PH,6.3032,120.5836,82.6,73,87,2.57,overcast clouds
357,Bauchi,NG,10.5,10.0,75.33,72,100,1.99,overcast clouds
358,San Juan,AR,-31.5375,-68.5364,82.72,6,0,8.46,clear sky
359,Del Rio,US,29.3627,-100.8968,89.42,27,79,11.99,broken clouds
360,Mayo,US,38.8876,-76.5119,78.12,55,100,5.01,overcast clouds
361,Nadym,RU,65.5333,72.5167,32.02,79,1,6.02,clear sky
362,Kilimatinde,TZ,-5.85,34.95,70.95,49,21,5.88,few clouds
363,Araouane,ML,18.9048,-3.5265,97.97,14,23,3.24,few clouds
364,Saint-Augustin,CA,51.226,-58.6502,53.87,96,100,15.52,overcast clouds
365,Manor,IN,19.75,72.9167,77.92,87,100,1.3,overcast clouds
366,Hambantota,LK,6.1241,81.1185,80.33,80,100,17.52,overcast clouds
367,Gornozavodsk,RU,58.3758,58.3211,44.44,75,100,12.12,overcast clouds
368,Sur,OM,22.5667,59.5289,86.41,60,100,8.79,overcast clouds
369,Bokoro,TD,12.3807,17.0568,84.96,55,100,8.63,overcast clouds
370,Beringovskiy,RU,63.05,179.3167,32.47,65,54,5.37,broken clouds
371,Asilah,MA,35.465,-6.0348,67.96,77,0,5.53,clear sky
372,Juneau,US,58.3019,-134.4197,52.84,79,90,3.11,light rain
373,Waipawa,NZ,-41.4122,175.5153,56.44,63,0,9.53,clear sky
374,Avera,US,33.194,-82.5271,80.71,36,66,6.62,broken clouds
375,Beyneu,KZ,45.3167,55.2,60.89,56,84,12.28,broken clouds
376,Shenandoah,US,30.4013,-91.0009,84.0,45,0,1.99,clear sky
377,Horodkivka,UA,49.9068,28.9847,56.93,82,84,15.43,broken clouds
378,Apollonia,GR,36.9716,24.7231,72.25,60,0,8.61,clear sky
379,Palana,RU,59.1167,159.9667,41.61,67,98,6.29,overcast clouds
380,Ambilobe,MG,-13.2,49.05,67.93,70,0,4.38,clear sky
381,Garissa,KE,-0.4536,39.6401,74.91,79,84,19.04,broken clouds
382,Sechura,PE,-5.5569,-80.8222,75.16,60,17,17.67,few clouds
383,Quatre Cocos,MU,-20.2078,57.7625,72.09,79,29,18.05,scattered clouds
384,Irece,BR,-11.3042,-41.8558,80.26,40,47,18.03,scattered clouds
385,Andenes,NO,69.3143,16.1194,42.78,87,37,9.22,scattered clouds
386,Vanavara,RU,60.34,102.2797,31.68,96,58,3.49,light snow
387,Fort Frances,CA,48.5999,-93.4003,61.05,51,92,8.88,overcast clouds
388,Tiksi,RU,71.6872,128.8694,32.38,89,100,20.65,overcast clouds
389,Luxor,EG,25.6989,32.6421,78.71,26,6,7.09,clear sky
390,Atar,MR,20.5169,-13.0499,98.35,19,99,9.13,overcast clouds
391,Waingapu,ID,-9.6567,120.2641,73.92,81,83,5.66,broken clouds
392,Nanortalik,GL,60.1432,-45.2371,37.92,73,0,8.3,clear sky
393,Sabang,ID,5.8933,95.3214,81.03,79,100,19.75,overcast clouds
394,Esperance,AU,-33.8667,121.9,55.29,82,68,20.69,broken clouds
395,Buala,SB,-8.145,159.5921,82.18,79,72,7.67,light rain
396,Xichang,CN,27.8964,102.2634,62.15,92,75,1.36,broken clouds
397,Mount Isa,AU,-20.7333,139.5,69.57,13,4,9.22,clear sky
398,Gijon,ES,43.5357,-5.6615,66.45,89,95,8.01,overcast clouds
399,Saint Anthony,US,45.0205,-93.218,71.35,33,40,1.01,scattered clouds
400,Neryungri,RU,56.6709,124.6491,34.52,94,90,3.27,overcast clouds
401,Monrovia,LR,6.3005,-10.7969,78.57,83,100,8.3,overcast clouds
402,Kavieng,PG,-2.5744,150.7967,82.35,79,70,14.32,light rain
403,Lima,PE,-12.0432,-77.0282,61.39,89,90,16.11,overcast clouds
404,Huangpi,CN,30.8845,114.3779,76.96,88,34,6.6,light rain
405,Lisakovsk,KZ,52.5369,62.4936,56.77,27,100,11.81,overcast clouds
406,Rubio,VE,7.7013,-72.3557,77.04,69,44,7.34,scattered clouds
407,Pasni,PK,25.2631,63.471,80.76,80,52,7.18,broken clouds
408,Baturaja,ID,-4.1333,104.1667,74.34,97,100,1.3,heavy intensity rain
409,Roma,US,43.2128,-75.4557,75.43,57,100,1.01,overcast clouds
410,Talnakh,RU,69.4865,88.3972,30.99,70,43,1.66,scattered clouds
411,Posse,BR,-14.0931,-46.3694,78.91,47,77,6.04,broken clouds
412,Sawakin,SD,19.1059,37.3321,86.0,63,40,7.49,scattered clouds
413,Champerico,GT,14.3,-91.9167,85.35,68,99,4.7,overcast clouds
414,Pishin,PK,30.5803,66.9961,71.01,18,0,1.81,clear sky
415,Auki,SB,-8.7676,160.7034,81.79,76,28,3.24,scattered clouds
416,Sao Sebastiao Do Cai,BR,-29.5867,-51.3756,72.55,77,2,2.95,clear sky
417,Solnechnyy,RU,50.7214,136.6319,47.01,80,14,2.44,few clouds
418,Dekar,BW,-21.5333,21.9333,71.49,12,0,9.69,clear sky
419,Rabo De Peixe,PT,37.8,-25.5833,71.28,78,75,9.22,light rain
420,Koslan,RU,63.4564,48.8989,44.29,94,100,8.28,overcast clouds
421,Sisimiut,GL,66.9395,-53.6735,30.49,69,17,7.7,few clouds
422,Zaysan,KZ,47.4667,84.8667,35.96,37,44,2.13,scattered clouds
423,Beziers,FR,43.3476,3.219,73.06,94,90,12.66,overcast clouds
424,Kayerkan,RU,69.3497,87.7602,31.89,68,33,3.65,scattered clouds
425,Krasnogorskoye,RU,52.2953,86.1979,38.03,67,100,4.34,overcast clouds
426,Kudahuvadhoo,MV,2.6708,72.8944,82.38,77,100,18.86,moderate rain
427,Vyazemskiy,RU,47.5378,134.7525,47.98,78,63,2.28,broken clouds
428,Great Yarmouth,GB,52.6083,1.7305,62.85,98,96,9.89,overcast clouds
429,Biltine,TD,14.5333,20.9167,89.85,15,100,6.06,overcast clouds
430,Catemaco,MX,18.4167,-95.1167,78.51,78,83,8.99,broken clouds
431,Nome,US,64.5011,-165.4064,43.16,87,100,13.06,light rain
432,Hobyo,SO,5.3505,48.5268,77.67,87,100,21.68,overcast clouds
433,Kruisfontein,ZA,-34.0033,24.7314,57.69,60,8,7.36,clear sky
434,Dalkola,IN,25.85,87.85,81.84,81,36,6.53,scattered clouds
435,Teahupoo,PF,-17.8333,-149.2667,76.96,78,23,14.03,light rain
436,Anshun,CN,26.25,105.9333,62.49,97,51,8.03,broken clouds
437,Port-Gentil,GA,-0.7193,8.7815,77.56,89,97,11.63,light rain
438,Nyimba,ZM,-14.5566,30.8149,76.26,32,13,11.88,few clouds
439,San Angelo,US,31.4638,-100.437,90.97,26,1,1.99,clear sky
440,Ndele,CF,8.4109,20.6473,71.22,94,100,1.32,overcast clouds
441,Havre-Saint-Pierre,CA,50.2334,-63.5986,57.56,100,90,4.61,overcast clouds
442,Antofagasta,CL,-23.65,-70.4,61.75,74,20,9.73,few clouds
443,Evensk,RU,61.95,159.2333,42.89,86,100,1.3,overcast clouds
444,Palamos,ES,41.8484,3.1291,76.21,76,46,1.01,scattered clouds
445,Trinidad,BO,-14.8333,-64.9,100.92,20,21,4.7,few clouds
446,Taltal,CL,-25.4,-70.4833,64.42,69,22,7.29,few clouds
447,Tazovskiy,RU,67.4667,78.7,31.68,82,3,5.59,clear sky
448,Dhidhdhoo,MV,6.8833,73.1,81.3,79,100,20.07,overcast clouds
449,Carroll,US,39.5501,-77.0164,74.91,54,100,1.01,overcast clouds
450,Krasnoborsk,RU,61.5598,45.934,44.71,98,100,5.88,light rain
451,Okahandja,NA,-21.9833,16.9167,74.28,18,30,2.24,scattered clouds
452,Bambanglipuro,ID,-7.95,110.2833,77.13,87,96,9.86,overcast clouds
453,Campi Bisenzio,IT,43.8246,11.1324,72.99,79,0,2.3,clear sky
454,Sayyan,YE,15.1718,44.3244,62.37,22,100,4.61,overcast clouds
455,Hovd,MN,48.0056,91.6419,37.56,34,38,5.35,scattered clouds
456,Tygda,RU,53.1167,126.3333,52.12,87,96,4.54,overcast clouds
457,Camocim,BR,-2.9022,-40.8411,81.5,70,38,18.77,scattered clouds
458,Road Town,VG,18.4167,-64.6167,86.2,72,4,7.9,clear sky
459,Ushumun,RU,52.7833,126.5333,48.11,91,75,6.08,broken clouds
460,Ixtapa,MX,20.7,-105.2,87.22,78,40,5.01,scattered clouds
461,Marsabit,KE,2.3284,37.9899,67.46,59,11,22.3,few clouds
462,Petropavlovsk-Kamchatskiy,RU,53.0452,158.6483,34.39,100,75,6.71,broken clouds
463,Meadow Lake,US,34.8014,-106.5436,85.71,30,92,14.7,overcast clouds
464,Lata,PT,40.1629,-8.3327,65.05,96,1,2.28,clear sky
465,Okha,RU,53.5739,142.9478,50.94,78,100,8.37,overcast clouds
466,Ulladulla,AU,-35.35,150.4667,50.88,69,99,9.06,overcast clouds
467,Maraa,BR,-1.8333,-65.3667,84.58,69,100,1.9,overcast clouds
468,Ardakan,IR,32.31,54.0175,81.25,13,0,7.02,clear sky
469,Clarence Town,AU,-32.5833,151.7833,56.98,91,100,5.53,overcast clouds
470,Colac,AU,-38.3333,143.5833,44.62,70,77,4.03,broken clouds
471,Kisoro,UG,-1.2854,29.685,58.03,95,100,2.8,light rain
472,Korla,CN,41.7597,86.1469,60.8,26,0,3.89,clear sky
473,Talalayivka,UA,50.9578,31.9209,55.56,88,71,14.16,light rain
474,Nalgonda,IN,17.05,79.2667,77.23,87,100,6.82,light rain
475,Pacific Grove,US,36.6177,-121.9166,87.57,84,27,7.0,scattered clouds
476,Porto Seguro,BR,-16.4497,-39.0647,75.72,69,20,10.36,few clouds
477,Halifax,CA,44.6453,-63.5724,70.7,89,100,3.0,overcast clouds
478,Fort Nelson,CA,58.8053,-122.7002,54.63,43,99,0.38,overcast clouds
479,Reconquista,AR,-29.15,-59.65,79.03,30,0,7.94,clear sky
480,Karpathos,GR,35.507,27.2132,71.56,68,0,8.05,clear sky
481,Verkhniy Landekh,RU,56.8389,42.5994,47.97,80,100,6.76,light rain
482,Ewa Beach,US,21.3156,-158.0072,83.98,67,9,15.01,clear sky
483,Amlagora,IN,22.8333,87.3333,78.46,89,27,4.56,scattered clouds
484,Roseto Degli Abruzzi,IT,42.6664,14.0227,74.19,44,37,4.12,scattered clouds
485,Henderson,US,36.0397,-114.9819,93.97,30,1,5.75,clear sky
486,Morden,CA,49.1919,-98.1014,80.98,26,90,16.53,overcast clouds
487,Ko Samui,TH,9.5357,99.9357,81.57,75,99,8.1,overcast clouds
488,Puerto Colombia,CO,10.9878,-74.9547,86.09,78,68,15.17,broken clouds
489,Southbridge,US,42.0751,-72.0334,76.08,61,12,3.96,few clouds
490,Grootfontein,NA,-19.5667,18.1167,71.62,14,0,6.6,clear sky
491,Ilhabela,BR,-23.7781,-45.3581,69.21,85,42,1.92,scattered clouds
492,Tiznit,MA,29.5833,-9.5,68.9,58,0,1.43,clear sky
493,Galesong,ID,-5.3166,119.3661,75.22,75,37,5.21,scattered clouds
494,Sumter,US,28.7086,-82.0831,93.11,59,43,6.02,scattered clouds
495,Batticaloa,LK,7.7102,81.6924,80.76,80,99,4.12,overcast clouds
496,Wucheng,CN,29.6008,118.175,72.68,87,89,2.21,overcast clouds
497,Christchurch,NZ,-43.5333,172.6333,51.91,74,20,3.0,light rain
498,Sakakah,SA,29.9697,40.2064,79.48,31,0,6.96,clear sky
499,East Angus,CA,45.4834,-71.6658,70.72,65,99,2.24,overcast clouds
500,Gat,IL,31.61,34.7642,73.81,58,0,7.27,clear sky
501,Nargana,PA,9.4428,-78.5906,83.91,75,97,6.49,overcast clouds
502,Vazante,BR,-17.9869,-46.9078,87.75,25,25,5.91,scattered clouds
503,Dutlwe,BW,-23.9833,23.9,70.99,20,2,9.91,clear sky
504,Ust-Shonosha,RU,61.1531,41.343,44.02,95,100,6.51,overcast clouds
505,Jalingo,NG,8.8833,11.3667,74.77,90,97,2.86,overcast clouds
506,Mabaruma,GY,8.2,-59.7833,84.07,71,17,6.38,few clouds
507,Norman Wells,CA,65.282,-126.8329,35.04,85,100,15.73,overcast clouds
508,Kyaukse,MM,21.6,96.1333,76.82,87,59,2.33,broken clouds
509,Tomatlan,MX,19.9333,-105.25,88.56,65,30,7.47,scattered clouds
510,Nuqui,CO,5.7125,-77.2708,81.43,82,54,9.82,broken clouds
511,Mutsu,JP,41.2894,141.2169,57.27,76,100,5.21,overcast clouds
512,Gimli,CA,50.6336,-96.9907,73.44,34,89,7.18,overcast clouds
513,Nagua,DO,19.3832,-69.8474,89.46,74,45,6.33,light rain
514,Willowmore,ZA,-33.2926,23.4895,61.92,51,14,5.3,few clouds
515,Qeshm,IR,26.9581,56.2719,89.47,76,100,12.35,overcast clouds
516,Santa Fe,AR,-31.6333,-60.7,79.75,36,0,8.01,clear sky
517,Bras-Panon,RE,-20.9967,55.6782,71.22,83,3,13.94,clear sky
518,Yerbogachen,RU,61.2767,108.0108,35.87,83,32,11.95,scattered clouds
519,Koungou,YT,-12.7336,45.2042,74.91,83,0,4.61,clear sky
520,Chichibu,JP,35.9903,139.0764,69.35,99,100,2.91,light rain
521,Iquitos,PE,-3.7481,-73.2472,79.45,72,93,3.83,overcast clouds
522,Tsabong,BW,-26.0217,22.401,70.81,6,8,6.67,clear sky
523,Aquiraz,BR,-3.9014,-38.3911,81.18,80,20,13.8,few clouds
524,Prince Rupert,CA,54.3161,-130.3201,51.89,91,90,3.44,overcast clouds
525,Tautira,PF,-17.7333,-149.15,82.42,78,15,13.62,light rain
526,Pochutla,MX,15.7432,-96.4661,89.82,66,53,6.35,broken clouds
527,Cabedelo,BR,-6.9811,-34.8339,77.63,81,18,14.29,few clouds
528,Barra Patuca,HN,15.8,-84.2833,83.07,79,100,7.96,overcast clouds
529,Key West,US,24.5557,-81.7826,87.01,67,3,6.38,clear sky
530,Batagay,RU,67.6333,134.6333,30.99,91,97,2.68,overcast clouds
531,La Ronge,CA,55.1001,-105.2842,64.26,52,58,6.98,broken clouds
532,Zhob,PK,31.3411,69.4481,76.39,53,0,2.24,clear sky
533,Te Anau,NZ,-45.4167,167.7167,38.7,88,48,1.14,scattered clouds
534,Fare,PF,-16.7,-151.0167,78.26,76,2,8.23,light rain
535,Tessalit,ML,20.1986,1.0114,89.55,8,0,11.68,clear sky
536,Mirnyy,RU,62.5353,113.9611,33.46,87,40,9.82,scattered clouds
537,Wamba,NG,8.9333,8.6,71.08,92,92,1.9,light rain
538,Aginskoye,RU,51.1,114.53,56.3,96,100,12.62,overcast clouds
539,Djenne,ML,13.9061,-4.5533,87.8,39,56,5.57,broken clouds
540,Inuvik,CA,68.3499,-133.7218,32.9,99,100,17.96,light snow
541,Epe,NG,6.5841,3.9834,75.49,91,100,0.45,overcast clouds
542,Port-Cartier,CA,50.0334,-66.8654,58.93,82,87,1.14,overcast clouds
543,Voh,NC,-20.9667,164.7,73.49,60,0,3.02,clear sky
544,Albert Lea,US,43.648,-93.3683,74.41,21,1,10.36,clear sky
545,Rocha,UY,-34.4833,-54.3333,59.58,88,36,6.67,scattered clouds
546,Katangli,RU,51.7102,143.2326,46.81,79,100,13.65,overcast clouds
547,Mahuva,IN,21.0914,71.7622,78.15,86,99,8.5,overcast clouds
548,Santa Maria,BR,-29.6842,-53.8069,65.46,73,0,4.12,clear sky
549,Arroyo,ES,41.6096,-4.7969,58.71,93,75,9.22,broken clouds
550,Druzhnaya Gorka,RU,59.2761,30.1425,49.28,94,100,7.9,overcast clouds
551,Mehamn,NO,71.0357,27.8492,46.87,83,100,7.74,overcast clouds
552,Aranos,NA,-24.1333,19.1167,72.59,16,0,11.21,clear sky
553,Aran,AZ,40.6253,46.9756,67.78,48,92,35.16,overcast clouds
554,Shache,CN,38.4167,77.2406,67.03,20,0,4.45,clear sky
555,Calamar,CO,10.2511,-74.9146,93.94,51,78,1.88,broken clouds
556,Nichinan,JP,31.6,131.3667,71.76,88,77,11.05,broken clouds
557,Meulaboh,ID,4.1363,96.1285,75.88,93,100,9.01,overcast clouds
558,Avare,BR,-23.0986,-48.9258,76.06,45,12,9.15,few clouds
559,Rhyl,GB,53.3196,-3.4886,65.84,91,99,3.58,overcast clouds
560,Khokhlovo,RU,59.1492,37.3998,46.31,98,100,4.43,overcast clouds
561,Tammisaari,FI,59.9736,23.4339,50.9,86,98,13.85,overcast clouds
562,Kantang,TH,7.4054,99.5156,76.33,92,100,3.15,light rain
563,Volchansk,RU,59.9378,60.081,35.56,94,96,5.82,overcast clouds
564,Ostersund,SE,63.1792,14.6357,43.25,93,20,4.61,few clouds
565,Vredendal,ZA,-31.6683,18.5012,57.33,75,89,3.8,overcast clouds
566,Dasoguz,TM,41.8363,59.9666,69.91,35,45,8.57,scattered clouds
567,Kerema,PG,-7.9631,145.7785,77.63,89,52,6.06,broken clouds
568,La Crosse,US,43.8014,-91.2396,69.57,35,40,3.0,scattered clouds
569,Soria,ES,41.6667,-2.6667,55.0,82,63,2.08,broken clouds
570,Leh,IN,34.1667,77.5833,52.93,43,49,5.12,scattered clouds
571,Brae,GB,60.3964,-1.353,53.51,94,98,11.16,overcast clouds
572,General Zuazua,MX,25.9,-100.1167,83.8,46,57,10.8,broken clouds
573,Acapulco,MX,16.8634,-99.8901,84.67,75,99,5.26,overcast clouds
574,Grindavik,IS,63.8424,-22.4338,41.47,75,75,25.32,broken clouds
575,Duldurga,RU,50.6761,113.5931,54.75,97,99,5.01,overcast clouds
576,Kitui,KE,-1.367,38.0106,62.89,87,90,9.95,overcast clouds
577,Braintree,GB,51.8782,0.5529,61.92,92,77,5.57,broken clouds
578,Alta Floresta,BR,-9.8756,-56.0861,94.82,38,20,2.3,few clouds
579,Quang Ngai,VN,15.1167,108.8,74.61,92,92,3.4,overcast clouds
580,Teya,RU,60.3778,92.6267,33.66,92,91,4.76,overcast clouds
581,Motygino,RU,58.1831,94.7592,36.46,95,100,5.26,overcast clouds
582,Kloulklubed,PW,7.0419,134.2556,83.89,73,95,14.05,light rain
583,Patnos,TR,39.2336,42.8634,48.99,55,4,5.08,clear sky
584,Mount Pleasant,US,32.7941,-79.8626,82.0,48,1,1.01,clear sky
585,Salym,RU,60.0625,71.4789,29.44,89,15,4.32,few clouds
586,Yamada,JP,39.4667,141.95,60.13,85,100,5.86,overcast clouds
587,Owando,CG,-0.4819,15.8999,72.21,89,77,3.22,broken clouds
588,Tamuin,MX,21.9833,-98.75,86.86,57,20,4.7,few clouds
589,Honiara,SB,-9.4333,159.95,81.19,78,17,4.47,few clouds
590,Tecoanapa,MX,16.5167,-98.75,85.96,68,81,7.99,broken clouds
591,Kijang,KR,35.2442,129.2139,69.51,76,100,13.71,overcast clouds
592,Orlovskiy,RU,46.8714,42.0592,51.64,80,25,9.31,scattered clouds
593,Marsh Harbour,BS,26.5412,-77.0636,83.71,68,99,4.7,overcast clouds
594,Ilanskiy,RU,56.2358,96.065,34.99,81,100,4.61,overcast clouds
595,Kasongo-Lunda,CD,-6.4667,16.8167,74.35,65,33,3.06,scattered clouds
596,Ryotsu,JP,38.0833,138.4333,65.91,85,100,3.87,overcast clouds
597,Bedele,ET,8.456,36.353,55.26,99,100,3.02,moderate rain
598,Ishigaki,JP,24.3448,124.1572,82.94,78,10,13.04,clear sky
599,Weligama,LK,5.9667,80.4167,78.55,87,95,11.79,overcast clouds
600,Vostok,RU,46.4856,135.8833,45.57,70,100,2.93,overcast clouds
601,Esmeralda,CU,21.8525,-78.1169,87.22,63,76,7.02,broken clouds
602,Alampur,IN,15.8833,78.15,77.09,84,100,5.88,light rain
603,Saint-Joseph,RE,-21.3667,55.6167,70.16,80,18,13.18,few clouds
604,Olafsvik,IS,64.8945,-23.7142,42.04,73,90,39.3,overcast clouds
605,Den Helder,NL,52.9599,4.7593,65.98,94,75,1.99,mist
606,Phan Thiet,VN,10.9333,108.1,76.48,88,100,3.02,overcast clouds
607,Doha,QA,25.2867,51.5333,87.78,70,0,5.75,clear sky
608,Menongue,AO,-14.6585,17.691,66.33,20,0,5.99,clear sky
609,Banjar,ID,-8.19,114.9675,76.91,89,92,3.4,overcast clouds
610,Camacupa,AO,-12.0167,17.4833,68.16,20,10,2.71,clear sky
611,Poum,NC,-20.2333,164.0167,72.39,66,78,7.49,broken clouds
612,Sokolo,ML,14.7328,-6.1219,87.22,43,65,15.03,broken clouds
613,Kailua,US,21.4022,-157.7394,84.02,71,24,17.85,few clouds
614,Kalga,RU,50.9251,118.898,50.83,89,100,5.48,moderate rain
615,College,US,64.8569,-147.8028,34.59,90,75,0.0,snow
616,Ihosy,MG,-22.4,46.1167,59.74,92,59,10.02,broken clouds
617,Pyapon,MM,16.2833,95.6833,75.81,94,93,4.36,moderate rain
618,Altagracia De Orituco,VE,9.8601,-66.3814,81.63,72,69,3.06,broken clouds
619,Ketchikan,US,55.3422,-131.6461,54.01,70,100,1.21,overcast clouds
620,Abalak,RU,58.1286,68.5944,30.58,88,4,5.64,clear sky
621,Naryan-Mar,RU,67.6713,53.087,45.46,78,100,18.75,overcast clouds
622,Husavik,IS,66.0449,-17.3389,39.24,93,100,16.15,overcast clouds
623,Buchanan,LR,5.8808,-10.0467,78.76,83,100,7.52,overcast clouds
624,Kidal,ML,18.4411,1.4078,91.17,9,0,10.58,clear sky
625,Williams Lake,CA,52.1415,-122.1445,53.22,70,100,2.15,overcast clouds
626,Behshahr,IR,36.6923,53.5526,70.5,89,0,0.6,clear sky
627,Guantanamo,CU,20.1444,-75.2092,86.47,66,43,5.91,scattered clouds
628,Broome,US,42.2506,-75.833,72.61,58,20,5.01,few clouds
629,Luanda,AO,-8.8368,13.2343,75.2,83,20,6.91,few clouds
630,Kon Tum,VN,14.35,108.0,68.11,97,100,1.21,overcast clouds
631,Opuwo,NA,-18.0607,13.84,77.32,21,2,3.18,clear sky
632,Hay River,CA,60.8156,-115.7999,52.99,54,4,6.89,clear sky
633,Campbell River,CA,50.0163,-125.2446,66.92,74,75,4.61,broken clouds
634,Coahuayana,MX,18.7333,-103.6833,87.01,69,85,5.3,overcast clouds
635,Bunbury,AU,-33.3333,115.6333,50.81,87,38,5.64,scattered clouds
636,Marzuq,YE,14.4,46.4667,78.3,39,24,4.14,few clouds
637,Gorom-Gorom,BF,14.4439,-0.2361,94.26,27,2,7.36,clear sky
638,Garden City,US,42.3256,-83.331,66.45,53,75,4.0,broken clouds
639,Flinders,AU,-34.5833,150.8552,55.2,73,96,5.99,overcast clouds
640,Vao,NC,-22.6667,167.4833,68.18,59,16,8.72,few clouds
641,Mandapam,IN,9.2833,79.1167,83.89,75,95,15.26,overcast clouds
642,Karratha,AU,-20.7377,116.8463,67.17,54,0,12.17,clear sky
643,Along,IN,28.1667,94.7667,70.57,98,64,2.64,broken clouds
644,Laguna,US,38.421,-121.4238,97.23,36,1,4.0,smoke
645,Las Cruces,US,32.3123,-106.7783,80.47,54,75,3.0,broken clouds
646,Areosa,PT,41.7178,-8.8571,66.33,92,3,4.68,clear sky
647,Coquimbo,CL,-29.9533,-71.3436,59.32,74,1,11.83,clear sky
648,Kinlochleven,GB,56.7115,-4.9661,61.29,93,100,5.01,overcast clouds
649,Ancud,CL,-41.8697,-73.8203,49.21,62,50,14.61,scattered clouds
650,Grants,US,35.1473,-107.8514,64.63,52,90,12.66,light rain
651,Silos,CO,7.2052,-72.7564,54.64,88,98,5.82,overcast clouds
652,Vila Velha,BR,-20.3297,-40.2925,77.97,61,0,14.97,clear sky
653,San Ramon,US,37.7799,-121.978,86.4,50,26,5.99,scattered clouds
654,Brandon,US,27.9378,-82.2859,91.98,65,75,1.99,broken clouds
655,Paciran,ID,-6.8767,112.3761,78.24,85,98,6.53,overcast clouds
656,Oksfjord,NO,70.2396,22.3479,45.52,91,100,5.26,overcast clouds
657,Katobu,ID,-4.9408,122.5276,72.97,93,90,2.8,overcast clouds
658,Sol-Iletsk,RU,51.1631,54.9918,50.14,67,81,7.2,broken clouds
659,Niigata,JP,37.9022,139.0236,61.92,78,100,5.84,overcast clouds
660,Jieshi,CN,22.8134,115.8257,79.14,79,5,14.29,clear sky
661,Tongren,CN,27.7172,109.1853,73.11,88,0,2.82,clear sky
662,Rabaul,PG,-4.1967,152.1721,79.84,79,92,7.63,overcast clouds
663,San Carlos De Bariloche,AR,-41.1456,-71.3082,44.98,74,30,16.28,light rain
664,Martapura,ID,-3.4167,114.85,77.09,100,90,1.14,overcast clouds
665,Moindou,NC,-21.6924,165.677,67.95,65,84,4.61,broken clouds
666,Bonthe,SL,7.5264,-12.505,78.87,84,86,6.76,overcast clouds
667,Malakal,SS,9.5334,31.6605,69.69,98,97,3.4,overcast clouds
668,Tolmachevo,RU,54.9824,82.7363,33.78,100,90,4.47,overcast clouds
669,Bayir,TR,37.2687,28.2167,59.52,39,2,3.76,clear sky
670,Florence,IT,43.7667,11.25,73.54,78,0,2.3,clear sky
671,Kalmunai,LK,7.4167,81.8167,79.75,83,100,5.39,overcast clouds
672,Varazdin,HR,46.3044,16.3378,63.41,80,0,4.97,clear sky
673,Tiguisan,PH,12.8394,121.4605,77.07,88,82,7.65,broken clouds
674,Kamen-Na-Obi,RU,53.7884,81.3423,36.48,95,100,9.4,overcast clouds
675,Parabel,RU,58.6978,81.4825,32.23,99,100,4.43,overcast clouds
676,Eydhafushi,MV,5.1033,73.0708,81.46,80,89,18.41,overcast clouds
677,San Vicente,AR,-26.6167,-54.1333,70.61,39,0,1.95,clear sky
678,Yar-Sale,RU,66.8333,70.8333,32.97,83,11,7.18,few clouds
679,Copiapo,CL,-27.3667,-70.3333,76.87,32,0,6.15,clear sky
680,Dharchula,IN,29.85,80.5333,66.69,87,18,3.78,few clouds
681,Hudiksvall,SE,61.729,17.1036,45.64,81,13,6.2,few clouds
682,Rosario,AR,-32.9468,-60.6393,78.08,41,0,1.01,clear sky
683,Pelotas,BR,-31.7719,-52.3425,64.85,85,99,1.99,overcast clouds
684,Hirara,JP,24.8,125.2833,83.07,79,6,12.84,clear sky
685,Tapes,BR,-30.6733,-51.3958,63.45,80,21,4.79,few clouds
686,Kormilovka,RU,55.0026,74.1028,33.55,82,5,6.64,clear sky
687,Suez,EG,29.9737,32.5263,71.4,68,0,10.0,clear sky
688,Pangnirtung,CA,66.1451,-65.7125,36.95,51,100,2.59,overcast clouds
689,Severo-Yeniseyskiy,RU,60.3725,93.0408,29.25,93,95,5.35,overcast clouds
690,Leova,MD,46.4786,28.2553,58.23,55,6,2.19,clear sky
